ModelId,IndexOrder,IndexValue
1,0,0
1,1,2
1,2,1
1,3,0
1,4,3
1,5,2
1,6,0
1,7,4
1,8,3
1,9,0
1,10,5
1,11,4
1,12,0
1,13,6
1,14,5
1,15,0
1,16,7
1,17,6
1,18,0
1,19,8
1,20,7
1,21,0
1,22,9
1,23,8
1,24,0
1,25,10
1,26,9
1,27,0
1,28,11
1,29,10
1,30,0
1,31,12
1,32,11
1,33,0
1,34,13
1,35,12
1,36,0
1,37,14
1,38,13
1,39,0
1,40,15
1,41,14
1,42,0
1,43,16
1,44,15
1,45,0
1,46,1
1,47,16
1,48,1
1,49,2
1,50,17
1,51,17
1,52,2
1,53,18
1,54,2
1,55,3
1,56,18
1,57,18
1,58,3
1,59,19
1,60,3
1,61,4
1,62,19
1,63,19
1,64,4
1,65,20
1,66,4
1,67,5
1,68,20
1,69,20
1,70,5
1,71,21
1,72,5
1,73,6
1,74,21
1,75,21
1,76,6
1,77,22
1,78,6
1,79,7
1,80,22
1,81,22
1,82,7
1,83,23
1,84,7
1,85,8
1,86,23
1,87,23
1,88,8
1,89,24
1,90,8
1,91,9
1,92,24
1,93,24
1,94,9
1,95,25
1,96,9
1,97,10
1,98,25
1,99,25
1,100,10
1,101,26
1,102,10
1,103,11
1,104,26
1,105,26
1,106,11
1,107,27
1,108,11
1,109,12
1,110,27
1,111,27
1,112,12
1,113,28
1,114,12
1,115,13
1,116,28
1,117,28
1,118,13
1,119,29
1,120,13
1,121,14
1,122,29
1,123,29
1,124,14
1,125,30
1,126,14
1,127,15
1,128,30
1,129,30
1,130,15
1,131,31
1,132,15
1,133,16
1,134,31
1,135,31
1,136,16
1,137,32
1,138,16
1,139,1
1,140,32
1,141,32
1,142,1
1,143,17
1,144,17
1,145,18
1,146,33
1,147,33
1,148,18
1,149,34
1,150,18
1,151,19
1,152,34
1,153,34
1,154,19
1,155,35
1,156,19
1,157,20
1,158,35
1,159,35
1,160,20
1,161,36
1,162,20
1,163,21
1,164,36
1,165,36
1,166,21
1,167,37
1,168,21
1,169,22
1,170,37
1,171,37
1,172,22
1,173,38
1,174,22
1,175,23
1,176,38
1,177,38
1,178,23
1,179,39
1,180,23
1,181,24
1,182,39
1,183,39
1,184,24
1,185,40
1,186,24
1,187,25
1,188,40
1,189,40
1,190,25
1,191,41
1,192,25
1,193,26
1,194,41
1,195,41
1,196,26
1,197,42
1,198,26
1,199,27
1,200,42
1,201,42
1,202,27
1,203,43
1,204,27
1,205,28
1,206,43
1,207,43
1,208,28
1,209,44
1,210,28
1,211,29
1,212,44
1,213,44
1,214,29
1,215,45
1,216,29
1,217,30
1,218,45
1,219,45
1,220,30
1,221,46
1,222,30
1,223,31
1,224,46
1,225,46
1,226,31
1,227,47
1,228,31
1,229,32
1,230,47
1,231,47
1,232,32
1,233,48
1,234,32
1,235,17
1,236,48
1,237,48
1,238,17
1,239,33
1,240,33
1,241,34
1,242,49
1,243,49
1,244,34
1,245,50
1,246,34
1,247,35
1,248,50
1,249,50
1,250,35
1,251,51
1,252,35
1,253,36
1,254,51
1,255,51
1,256,36
1,257,52
1,258,36
1,259,37
1,260,52
1,261,52
1,262,37
1,263,53
1,264,37
1,265,38
1,266,53
1,267,53
1,268,38
1,269,54
1,270,38
1,271,39
1,272,54
1,273,54
1,274,39
1,275,55
1,276,39
1,277,40
1,278,55
1,279,55
1,280,40
1,281,56
1,282,40
1,283,41
1,284,56
1,285,56
1,286,41
1,287,57
1,288,41
1,289,42
1,290,57
1,291,57
1,292,42
1,293,58
1,294,42
1,295,43
1,296,58
1,297,58
1,298,43
1,299,59
1,300,43
1,301,44
1,302,59
1,303,59
1,304,44
1,305,60
1,306,44
1,307,45
1,308,60
1,309,60
1,310,45
1,311,61
1,312,45
1,313,46
1,314,61
1,315,61
1,316,46
1,317,62
1,318,46
1,319,47
1,320,62
1,321,62
1,322,47
1,323,63
1,324,47
1,325,48
1,326,63
1,327,63
1,328,48
1,329,64
1,330,48
1,331,33
1,332,64
1,333,64
1,334,33
1,335,49
1,336,49
1,337,50
1,338,65
1,339,65
1,340,50
1,341,66
1,342,50
1,343,51
1,344,66
1,345,66
1,346,51
1,347,67
1,348,51
1,349,52
1,350,67
1,351,67
1,352,52
1,353,68
1,354,52
1,355,53
1,356,68
1,357,68
1,358,53
1,359,69
1,360,53
1,361,54
1,362,69
1,363,69
1,364,54
1,365,70
1,366,54
1,367,55
1,368,70
1,369,70
1,370,55
1,371,71
1,372,55
1,373,56
1,374,71
1,375,71
1,376,56
1,377,72
1,378,56
1,379,57
1,380,72
1,381,72
1,382,57
1,383,73
1,384,57
1,385,58
1,386,73
1,387,73
1,388,58
1,389,74
1,390,58
1,391,59
1,392,74
1,393,74
1,394,59
1,395,75
1,396,59
1,397,60
1,398,75
1,399,75
1,400,60
1,401,76
1,402,60
1,403,61
1,404,76
1,405,76
1,406,61
1,407,77
1,408,61
1,409,62
1,410,77
1,411,77
1,412,62
1,413,78
1,414,62
1,415,63
1,416,78
1,417,78
1,418,63
1,419,79
1,420,63
1,421,64
1,422,79
1,423,79
1,424,64
1,425,80
1,426,64
1,427,49
1,428,80
1,429,80
1,430,49
1,431,65
1,432,65
1,433,66
1,434,81
1,435,81
1,436,66
1,437,82
1,438,66
1,439,67
1,440,82
1,441,82
1,442,67
1,443,83
1,444,67
1,445,68
1,446,83
1,447,83
1,448,68
1,449,84
1,450,68
1,451,69
1,452,84
1,453,84
1,454,69
1,455,85
1,456,69
1,457,70
1,458,85
1,459,85
1,460,70
1,461,86
1,462,70
1,463,71
1,464,86
1,465,86
1,466,71
1,467,87
1,468,71
1,469,72
1,470,87
1,471,87
1,472,72
1,473,88
1,474,72
1,475,73
1,476,88
1,477,88
1,478,73
1,479,89
1,480,73
1,481,74
1,482,89
1,483,89
1,484,74
1,485,90
1,486,74
1,487,75
1,488,90
1,489,90
1,490,75
1,491,91
1,492,75
1,493,76
1,494,91
1,495,91
1,496,76
1,497,92
1,498,76
1,499,77
1,500,92
1,501,92
1,502,77
1,503,93
1,504,77
1,505,78
1,506,93
1,507,93
1,508,78
1,509,94
1,510,78
1,511,79
1,512,94
1,513,94
1,514,79
1,515,95
1,516,79
1,517,80
1,518,95
1,519,95
1,520,80
1,521,96
1,522,80
1,523,65
1,524,96
1,525,96
1,526,65
1,527,81
1,528,81
1,529,82
1,530,97
1,531,97
1,532,82
1,533,98
1,534,82
1,535,83
1,536,98
1,537,98
1,538,83
1,539,99
1,540,83
1,541,84
1,542,99
1,543,99
1,544,84
1,545,100
1,546,84
1,547,85
1,548,100
1,549,100
1,550,85
1,551,101
1,552,85
1,553,86
1,554,101
1,555,101
1,556,86
1,557,102
1,558,86
1,559,87
1,560,102
1,561,102
1,562,87
1,563,103
1,564,87
1,565,88
1,566,103
1,567,103
1,568,88
1,569,104
1,570,88
1,571,89
1,572,104
1,573,104
1,574,89
1,575,105
1,576,89
1,577,90
1,578,105
1,579,105
1,580,90
1,581,106
1,582,90
1,583,91
1,584,106
1,585,106
1,586,91
1,587,107
1,588,91
1,589,92
1,590,107
1,591,107
1,592,92
1,593,108
1,594,92
1,595,93
1,596,108
1,597,108
1,598,93
1,599,109
1,600,93
1,601,94
1,602,109
1,603,109
1,604,94
1,605,110
1,606,94
1,607,95
1,608,110
1,609,110
1,610,95
1,611,111
1,612,95
1,613,96
1,614,111
1,615,111
1,616,96
1,617,112
1,618,96
1,619,81
1,620,112
1,621,112
1,622,81
1,623,97
1,624,97
1,625,98
1,626,113
1,627,113
1,628,98
1,629,114
1,630,98
1,631,99
1,632,114
1,633,114
1,634,99
1,635,115
1,636,99
1,637,100
1,638,115
1,639,115
1,640,100
1,641,116
1,642,100
1,643,101
1,644,116
1,645,116
1,646,101
1,647,117
1,648,101
1,649,102
1,650,117
1,651,117
1,652,102
1,653,118
1,654,102
1,655,103
1,656,118
1,657,118
1,658,103
1,659,119
1,660,103
1,661,104
1,662,119
1,663,119
1,664,104
1,665,120
1,666,104
1,667,105
1,668,120
1,669,120
1,670,105
1,671,121
1,672,105
1,673,106
1,674,121
1,675,121
1,676,106
1,677,122
1,678,106
1,679,107
1,680,122
1,681,122
1,682,107
1,683,123
1,684,107
1,685,108
1,686,123
1,687,123
1,688,108
1,689,124
1,690,108
1,691,109
1,692,124
1,693,124
1,694,109
1,695,125
1,696,109
1,697,110
1,698,125
1,699,125
1,700,110
1,701,126
1,702,110
1,703,111
1,704,126
1,705,126
1,706,111
1,707,127
1,708,111
1,709,112
1,710,127
1,711,127
1,712,112
1,713,128
1,714,112
1,715,97
1,716,128
1,717,128
1,718,97
1,719,113
1,720,113
1,721,114
1,722,129
1,723,129
1,724,114
1,725,130
1,726,114
1,727,115
1,728,130
1,729,130
1,730,115
1,731,131
1,732,115
1,733,116
1,734,131
1,735,131
1,736,116
1,737,132
1,738,116
1,739,117
1,740,132
1,741,132
1,742,117
1,743,133
1,744,117
1,745,118
1,746,133
1,747,133
1,748,118
1,749,134
1,750,118
1,751,119
1,752,134
1,753,134
1,754,119
1,755,135
1,756,119
1,757,120
1,758,135
1,759,135
1,760,120
1,761,136
1,762,120
1,763,121
1,764,136
1,765,136
1,766,121
1,767,137
1,768,121
1,769,122
1,770,137
1,771,137
1,772,122
1,773,138
1,774,122
1,775,123
1,776,138
1,777,138
1,778,123
1,779,139
1,780,123
1,781,124
1,782,139
1,783,139
1,784,124
1,785,140
1,786,124
1,787,125
1,788,140
1,789,140
1,790,125
1,791,141
1,792,125
1,793,126
1,794,141
1,795,141
1,796,126
1,797,142
1,798,126
1,799,127
1,800,142
1,801,142
1,802,127
1,803,143
1,804,127
1,805,128
1,806,143
1,807,143
1,808,128
1,809,144
1,810,128
1,811,113
1,812,144
1,813,144
1,814,113
1,815,129
1,816,129
1,817,130
1,818,145
1,819,145
1,820,130
1,821,146
1,822,130
1,823,131
1,824,146
1,825,146
1,826,131
1,827,147
1,828,131
1,829,132
1,830,147
1,831,147
1,832,132
1,833,148
1,834,132
1,835,133
1,836,148
1,837,148
1,838,133
1,839,149
1,840,133
1,841,134
1,842,149
1,843,149
1,844,134
1,845,150
1,846,134
1,847,135
1,848,150
1,849,150
1,850,135
1,851,151
1,852,135
1,853,136
1,854,151
1,855,151
1,856,136
1,857,152
1,858,136
1,859,137
1,860,152
1,861,152
1,862,137
1,863,153
1,864,137
1,865,138
1,866,153
1,867,153
1,868,138
1,869,154
1,870,138
1,871,139
1,872,154
1,873,154
1,874,139
1,875,155
1,876,139
1,877,140
1,878,155
1,879,155
1,880,140
1,881,156
1,882,140
1,883,141
1,884,156
1,885,156
1,886,141
1,887,157
1,888,141
1,889,142
1,890,157
1,891,157
1,892,142
1,893,158
1,894,142
1,895,143
1,896,158
1,897,158
1,898,143
1,899,159
1,900,143
1,901,144
1,902,159
1,903,159
1,904,144
1,905,160
1,906,144
1,907,129
1,908,160
1,909,160
1,910,129
1,911,145
1,912,145
1,913,146
1,914,161
1,915,161
1,916,146
1,917,162
1,918,146
1,919,147
1,920,162
1,921,162
1,922,147
1,923,163
1,924,147
1,925,148
1,926,163
1,927,163
1,928,148
1,929,164
1,930,148
1,931,149
1,932,164
1,933,164
1,934,149
1,935,165
1,936,149
1,937,150
1,938,165
1,939,165
1,940,150
1,941,166
1,942,150
1,943,151
1,944,166
1,945,166
1,946,151
1,947,167
1,948,151
1,949,152
1,950,167
1,951,167
1,952,152
1,953,168
1,954,152
1,955,153
1,956,168
1,957,168
1,958,153
1,959,169
1,960,153
1,961,154
1,962,169
1,963,169
1,964,154
1,965,170
1,966,154
1,967,155
1,968,170
1,969,170
1,970,155
1,971,171
1,972,155
1,973,156
1,974,171
1,975,171
1,976,156
1,977,172
1,978,156
1,979,157
1,980,172
1,981,172
1,982,157
1,983,173
1,984,157
1,985,158
1,986,173
1,987,173
1,988,158
1,989,174
1,990,158
1,991,159
1,992,174
1,993,174
1,994,159
1,995,175
1,996,159
1,997,160
1,998,175
1,999,175
1,1000,160
1,1001,176
1,1002,160
1,1003,145
1,1004,176
1,1005,176
1,1006,145
1,1007,161
1,1008,161
1,1009,162
1,1010,177
1,1011,177
1,1012,162
1,1013,178
1,1014,162
1,1015,163
1,1016,178
1,1017,178
1,1018,163
1,1019,179
1,1020,163
1,1021,164
1,1022,179
1,1023,179
1,1024,164
1,1025,180
1,1026,164
1,1027,165
1,1028,180
1,1029,180
1,1030,165
1,1031,181
1,1032,165
1,1033,166
1,1034,181
1,1035,181
1,1036,166
1,1037,182
1,1038,166
1,1039,167
1,1040,182
1,1041,182
1,1042,167
1,1043,183
1,1044,167
1,1045,168
1,1046,183
1,1047,183
1,1048,168
1,1049,184
1,1050,168
1,1051,169
1,1052,184
1,1053,184
1,1054,169
1,1055,185
1,1056,169
1,1057,170
1,1058,185
1,1059,185
1,1060,170
1,1061,186
1,1062,170
1,1063,171
1,1064,186
1,1065,186
1,1066,171
1,1067,187
1,1068,171
1,1069,172
1,1070,187
1,1071,187
1,1072,172
1,1073,188
1,1074,172
1,1075,173
1,1076,188
1,1077,188
1,1078,173
1,1079,189
1,1080,173
1,1081,174
1,1082,189
1,1083,189
1,1084,174
1,1085,190
1,1086,174
1,1087,175
1,1088,190
1,1089,190
1,1090,175
1,1091,191
1,1092,175
1,1093,176
1,1094,191
1,1095,191
1,1096,176
1,1097,192
1,1098,176
1,1099,161
1,1100,192
1,1101,192
1,1102,161
1,1103,177
1,1104,177
1,1105,178
1,1106,193
1,1107,193
1,1108,178
1,1109,194
1,1110,178
1,1111,179
1,1112,194
1,1113,194
1,1114,179
1,1115,195
1,1116,179
1,1117,180
1,1118,195
1,1119,195
1,1120,180
1,1121,196
1,1122,180
1,1123,181
1,1124,196
1,1125,196
1,1126,181
1,1127,197
1,1128,181
1,1129,182
1,1130,197
1,1131,197
1,1132,182
1,1133,198
1,1134,182
1,1135,183
1,1136,198
1,1137,198
1,1138,183
1,1139,199
1,1140,183
1,1141,184
1,1142,199
1,1143,199
1,1144,184
1,1145,200
1,1146,184
1,1147,185
1,1148,200
1,1149,200
1,1150,185
1,1151,201
1,1152,185
1,1153,186
1,1154,201
1,1155,201
1,1156,186
1,1157,202
1,1158,186
1,1159,187
1,1160,202
1,1161,202
1,1162,187
1,1163,203
1,1164,187
1,1165,188
1,1166,203
1,1167,203
1,1168,188
1,1169,204
1,1170,188
1,1171,189
1,1172,204
1,1173,204
1,1174,189
1,1175,205
1,1176,189
1,1177,190
1,1178,205
1,1179,205
1,1180,190
1,1181,206
1,1182,190
1,1183,191
1,1184,206
1,1185,206
1,1186,191
1,1187,207
1,1188,191
1,1189,192
1,1190,207
1,1191,207
1,1192,192
1,1193,208
1,1194,192
1,1195,177
1,1196,208
1,1197,208
1,1198,177
1,1199,193
1,1200,193
1,1201,194
1,1202,209
1,1203,209
1,1204,194
1,1205,210
1,1206,194
1,1207,195
1,1208,210
1,1209,210
1,1210,195
1,1211,211
1,1212,195
1,1213,196
1,1214,211
1,1215,211
1,1216,196
1,1217,212
1,1218,196
1,1219,197
1,1220,212
1,1221,212
1,1222,197
1,1223,213
1,1224,197
1,1225,198
1,1226,213
1,1227,213
1,1228,198
1,1229,214
1,1230,198
1,1231,199
1,1232,214
1,1233,214
1,1234,199
1,1235,215
1,1236,199
1,1237,200
1,1238,215
1,1239,215
1,1240,200
1,1241,216
1,1242,200
1,1243,201
1,1244,216
1,1245,216
1,1246,201
1,1247,217
1,1248,201
1,1249,202
1,1250,217
1,1251,217
1,1252,202
1,1253,218
1,1254,202
1,1255,203
1,1256,218
1,1257,218
1,1258,203
1,1259,219
1,1260,203
1,1261,204
1,1262,219
1,1263,219
1,1264,204
1,1265,220
1,1266,204
1,1267,205
1,1268,220
1,1269,220
1,1270,205
1,1271,221
1,1272,205
1,1273,206
1,1274,221
1,1275,221
1,1276,206
1,1277,222
1,1278,206
1,1279,207
1,1280,222
1,1281,222
1,1282,207
1,1283,223
1,1284,207
1,1285,208
1,1286,223
1,1287,223
1,1288,208
1,1289,224
1,1290,208
1,1291,193
1,1292,224
1,1293,224
1,1294,193
1,1295,209
1,1296,209
1,1297,210
1,1298,225
1,1299,225
1,1300,210
1,1301,226
1,1302,210
1,1303,211
1,1304,226
1,1305,226
1,1306,211
1,1307,227
1,1308,211
1,1309,212
1,1310,227
1,1311,227
1,1312,212
1,1313,228
1,1314,212
1,1315,213
1,1316,228
1,1317,228
1,1318,213
1,1319,229
1,1320,213
1,1321,214
1,1322,229
1,1323,229
1,1324,214
1,1325,230
1,1326,214
1,1327,215
1,1328,230
1,1329,230
1,1330,215
1,1331,231
1,1332,215
1,1333,216
1,1334,231
1,1335,231
1,1336,216
1,1337,232
1,1338,216
1,1339,217
1,1340,232
1,1341,232
1,1342,217
1,1343,233
1,1344,217
1,1345,218
1,1346,233
1,1347,233
1,1348,218
1,1349,234
1,1350,218
1,1351,219
1,1352,234
1,1353,234
1,1354,219
1,1355,235
1,1356,219
1,1357,220
1,1358,235
1,1359,235
1,1360,220
1,1361,236
1,1362,220
1,1363,221
1,1364,236
1,1365,236
1,1366,221
1,1367,237
1,1368,221
1,1369,222
1,1370,237
1,1371,237
1,1372,222
1,1373,238
1,1374,222
1,1375,223
1,1376,238
1,1377,238
1,1378,223
1,1379,239
1,1380,223
1,1381,224
1,1382,239
1,1383,239
1,1384,224
1,1385,240
1,1386,224
1,1387,209
1,1388,240
1,1389,240
1,1390,209
1,1391,225
1,1392,225
1,1393,226
1,1394,241
1,1395,226
1,1396,227
1,1397,241
1,1398,227
1,1399,228
1,1400,241
1,1401,228
1,1402,229
1,1403,241
1,1404,229
1,1405,230
1,1406,241
1,1407,230
1,1408,231
1,1409,241
1,1410,231
1,1411,232
1,1412,241
1,1413,232
1,1414,233
1,1415,241
1,1416,233
1,1417,234
1,1418,241
1,1419,234
1,1420,235
1,1421,241
1,1422,235
1,1423,236
1,1424,241
1,1425,236
1,1426,237
1,1427,241
1,1428,237
1,1429,238
1,1430,241
1,1431,238
1,1432,239
1,1433,241
1,1434,239
1,1435,240
1,1436,241
1,1437,240
1,1438,225
1,1439,241
